{
  "schema_version": 2,
  "big_road": [
    "B",
    "P",
    "T",
    "P",
    "B",
    "P",
    "P",
    "B",
    "P",
    "T",
    "P",
    "P",
    "P",
    "P",
    "B",
    "B",
    "P",
    "P",
    "P",
    "B",
    "P",
    "B",
    "P",
    "P",
    "B",
    "B",
    "P",
    "B"
  ],
  "pattern_history": [
    45.0,
    50.764000000215034,
    57.26680000021099,
    59.375648889174855,
    61.47406533380357,
    62.320734622689656,
    65.17451423597026,
    64.88615996539421,
    64.70920086480311,
    65.20755171674335,
    64.61671477335416,
    65.10312891299515,
    70.34361881084004,
    69.11196173923526,
    67.66726210649183,
    66.3385120461781,
    66.30838700397189,
    64.96587090304283,
    64.90110963247177,
    65.90577674302554,
    69.10591872024605,
    68.24557167581946,
    68.24690017336893,
    70.74470512148642,
    70.05462691858122,
    70.13059995447627,
    69.62475330167413,
    71.43238903975366,
    70.47767232812288,
    69.86770396322675,
    69.99975388572813,
    69.15982772031208,
    69.53943496004564,
    74.6415228398053,
    73.3766215436909,
    71.89696841412436,
    70.48787789018945,
    70.46907007895982,
    68.90520855982751,
    68.90678648814713,
    69.93846955034412,
    73.20453199120291,
    71.40317239414443,
    69.55908018045675,
    69.36449662258758,
    67.4551476363363,
    67.18812813938733,
    68.11317117963861,
    71.60835205740378,
    69.70270594473828,
    67.6918941618418,
    67.35385070724118,
    65.3394114719984,
    64.8850732382046,
    65.5975394332487,
    69.28610304742985,
    67.40027213372589,
    65.3719064705377,
    64.90781973718211,
    62.92118810238725,
    62.32471332928756,
    62.77089858941265,
    66.61655208999281,
    65.77907167080068,
    65.18894942847183,
    68.30918767733424,
    67.56843137485272,
    66.73445112867219,
    66.46611579078929,
    69.35913819679556,
    71.22831981516084,
    69.61182387133135,
    71.56113385317501,
    73.3735629284931,
    71.48249405075377,
    69.9515032325652,
    71.70714601315079,
    69.9470022099243,
    72.24367077821759,
    70.69156954556092,
    72.90717614858485,
    71.7508886891888,
    69.95512115607136,
    69.68445019442936,
    72.05988436737114,
    73.864996523852,
    72.4213629518758,
    73.99717628892263,
    72.67398555227457,
    71.36178988749066,
    74.19119162652525,
    75.35691160525988,
    76.05206034629148,
    74.11240439243278,
    74.88058750723127,
    73.15641125549766,
    71.90168462514531,
    74.71117923792008,
    73.1737876165728,
    71.91384807789791,
    74.71969365484689,
    73.6326323917581,
    72.62425909515731,
    72.16582819997538,
    75.05810276655671,
    73.23286868288665,
    72.59185491138591,
    71.89571485889678,
    71.86033373498003,
    72.08396513118781,
    76.22499781521174,
    75.13922998735,
    73.67887741207164,
    77.34143641183041,
    75.92073700498307,
    75.38201590429476,
    78.37391113434605,
    77.09923779484885,
    75.9761331235217,
    78.94951540984547,
    77.50216078769846,
    79.85801255272864,
    78.15807111138885,
    76.77037200113071,
    81.75578932714308,
    79.28877475215867,
    77.7396423273177,
    76.67521195360119,
    75.73237059067935,
    74.87932608085312,
    74.43199884567048,
    75.79627674374798,
    78.73282624721735,
    77.17270059621066,
    77.7147679691261,
    80.07577010498203,
    79.88750652969476,
    79.43166104838323,
    79.43663019007562,
    81.28663286915959,
    82.57607553500546,
    81.63772033071118,
    82.82739596760449,
    85.07441527296128,
    83.17709069181716,
    81.43394080927655,
    82.30403557539061,
    81.44729235898077,
    84.10834274692468,
    82.50083992359154,
    84.4145879469963,
    82.96634568570863,
    82.2534419806217,
    81.45354350924642,
    80.64248045721675,
    80.62673632067738,
    80.31484954728539,
    80.41763986266535,
    84.6693479044914,
    83.46578871270955,
    81.81380720154934
  ],
  "micro_learning": {},
  "meta_learning": {},
  "leader_state": {
    "round_index": 26,
    "stats": {
      "bead": {
        "total": 21,
        "correct": 13,
        "window": [
          0,
          1,
          1,
          1,
          1,
          1,
          0,
          0,
          1,
          1,
          1,
          0,
          1,
          0,
          1,
          1,
          0,
          0,
          1,
          0
        ]
      },
      "bigroad": {
        "total": 11,
        "correct": 4,
        "window": [
          0,
          1,
          1,
          1,
          0,
          0,
          1,
          0,
          0,
          0,
          0
        ]
      },
      "bigeye": {
        "total": 22,
        "correct": 10,
        "window": [
          0,
          1,
          0,
          1,
          1,
          1,
          0,
          0,
          0,
          0,
          1,
          0,
          1,
          1,
          1,
          0,
          0,
          0,
          0,
          1
        ]
      },
      "small": {
        "total": 22,
        "correct": 10,
        "window": [
          0,
          1,
          0,
          1,
          1,
          1,
          0,
          0,
          0,
          0,
          1,
          0,
          1,
          1,
          1,
          0,
          0,
          0,
          0,
          1
        ]
      },
      "cockroach": {
        "total": 22,
        "correct": 10,
        "window": [
          0,
          1,
          0,
          1,
          1,
          1,
          0,
          0,
          0,
          0,
          1,
          0,
          1,
          1,
          1,
          0,
          0,
          0,
          0,
          1
        ]
      }
    },
    "last_signals": {
      "bead": "P",
      "bigroad": null,
      "bigeye": "P",
      "small": "P",
      "cockroach": "P"
    },
    "active_overall": {
      "source": "big",
      "road": "bead"
    },
    "last_overall_signal": "P"
  },
  "ui_ready": true,
  "ui_ready_reason": "READY",
  "engine_ready": true,
  "engine_ready_reason": "READY",
  "last_decision": {}
}